,Product Name,Walmart Product Code,UPC
0,Casio Men's Classic Resin Strap Sport Watch F91W-1,20670078,079767246280
1,DZ09 Bluetooth Smart Wrist Watch With Health Monitoring Calls Texts For Android and iPhone - SILVER,939405652,701649348941
2,Classic Analog Water Resistant Watch w/ Resin Band - MQ24 - 10 Styles,45050246,079767234072
3,iTouch Sport Smartwatch Fitness Tracker Heart Rate Step Counter Sleep Monitor Messages IP68 Swimming Waterproof for Women and Men up to 30 Day Battery Touch Screen Compatible w Android & IOS (43mm),173019570,846692617504
4,Casio Men's Classic Digital Illuminator Watch A168WA-1,894302,079767541255
5,Casio Men's Classic Digital Sport Watch W800H-1AV,20452179,079767876388
6,Men's Classic Digital Watc,117998329,701380905205
7,Unisex Sport Round Watc,46716387,086702560042
8,Casio Men's Forester Analog Sport Watc,43928713,079767058975
9,Men's Digital Full-Size Watc,45463854,753048597673
10,Timex Easy Reader Expansio Ladies Watch T2P294,42121278,753048515738
11,Casio Men's Multi-Function Alarms Digital Sport Watc,45733465,079767433994
12,Timex Men's Charles Street Two-Tone Expansion Band Watch,10141655,753048107254
13,Timex Men's Expedition Combo Watc,12551820,753048210770
14,Casio Men's 10-Year Battery Sport Watc,20452181,079767474799
15,Casio Men's Vintage Calculator and Calendar Watch CA53W-1,894294,079767223403
16,Timex Women's Cavatina Black Leather Strap Watch,10727894,048148219120
17,Timex Women's Porter Street Two-Tone Stainless Steel Bracelet Watch,10141654,048148257719
18,Timex Men's Easy Reader Date 33mm Silver-Tone Stainless Steel Expansion Band Watch,10727905,753048176359
19,Casio Men's Sport Digital Watc,23662957,079767906559
20,Timex Men's Expedition Field Chronograph Brown/Black Leather Strap Watches,20893651,753048414284
21,Burberry Unisex Classic Checked Analog Quartz 38mm Watch BU9000,55433530,822138032971
22,Gucci Unisex Sync 137 Series Watch YA137114,820390409,731903409200
23,Men's Expedition Rugged Analog Watc,15407310,753048353170
24,Atomic Digital Watch Silver,10746003,079767726409
25,Timex Men's Expedition Scout Brown Leather Strap Watch T49963,34971385,753048511969
26,Timex Women's Essex Avenue Silver Stainless Steel Expansion Band Watch,17206258,753048306985
27,Men's Ironman Classic 30 Oversized Black/Gray/Red Watc,17206387,753048342617
28,Bulova Men's Marine Star Chronograph Strap Watch 98B127,164725008,042429458130
29,Men's Expedition Metal Field Watc,2400617,048148443815
30,SKMEI Men Sports Watches Countdown Double Time Watch Alarm Chronograph Digital Wristwatches 50M Waterproof Relogio Masculino,635789507,791306234793
31,Men's Ironman Essential 10 Full-Size Watc,20893618,753048401246
32,Men's Illuminator Digital Watch,894300,079767542085
33,Timex Men's Expedition Scout 40 Leather Tan/Blue Strap Watch,45463834,753048597161
34,Casio Men's Classic Twin Sensor Digital Compass Watch SGW100-1V,13906115,079767898441
35,Men's Expedition Acadia Watc,42121280,753048565788
36,Fossil Men's Neutra Chronograph Brown Leather Watch (FS5380),801699968,796483354913
37,Men's Round Sport Watc,51838670,086702586905
38,Casio Men's Sport Digital Watch with Vibratio,54392689,889232122120
39,Gucci Sync XXL White Rubber Unisex Watch YA137102,174437644,731903343337
40,Casio Men's Casual Digital Black Resin Sport Watc,214281176,889232187556
41,Timex Women's Easy Reader 30mm Pink/Rose Gold Leather Strap Watch,56273214,753048761944
42,Men's Expedition Metal Field Watc,10141673,048148400511
43,Bulova Precisionist Diamond Black Dial Men's Watch 98D149,645142855,042429557192
44,Bulova Men's Chronograph Diamond Accent Stainless Steel Watch 44mm 98D142,820706612,042429548176
45,Timex Weekender Floral Small - Wristwatch - quartz - analog - brass - silver tone - white,34971368,753048512195
46,Casio Men's Databank Sport Watc,14898406,079767787424
47,Men's Expedition Scout 40 Blue/Brown/Gray Watc,365203672,753048823147
48,Men's TW2R23300 Easy Reader Silvertone and White Stainless Steel Bracelet Watch,55532021,753048688494
49,Timex Women's Classic Digital Mini Gold-Tone Stainless Steel Expansion Band Watch,906481518,753048873265
50,Marathon Women's Digital Mid-Size White/Silver-Tone Watc,56053223,753048758234
51,Bulvoa Men's Blue Silicone Strap Watch,420175485,042429577275
52,Bulova 97D120 Men's Futuro Quartz Yellow Gold Steel Diamond Watch,974959478,042429567221
53,Men's Marathon Digital Watch,706611030,753048799671
54,Timex MK1 Chrono Nylon Indiglo Mens Watch TW2R67600VQ,590037427,753048745081
55,Burberry Men's Classic Analog Quartz 40mm Watch BU10002,48994908,822138047388
56,Timex Women's T2H331 Indiglo Leather Strap Watc,102079139,102930368738
57,Casio Men's Solar Powered Analog Watc,643056556,889232224879
58,Casio Men's Twin Sensor Digital Nylon Compass Sport Watc,46406612,079767035501
59,Men's Sport Blue Round Watch,38646018,086702544103
60,Men's Expedition Shock XL Vibrating Alarm Watc,25026266,753048484911
61,Bulova Quadra Quartz Diamond Blue Dial Men's Watch 98D154,549570362,042429566828
62,Silver Small Size Oval Face Metal Band Geneva Women's Bangle Cuff Watch,127493445,748296888826
63,Men's Alarm Chronograph Digital Sport Watch,894816,079767668686
64,Timex Men's Expedition Gallatin Solar Green/Black Nylon Slip-Thru Strap Watch,597983897,753048873319
65,Movado Women's Bold Mid-Sized Rose Gold 38mm Watch 3600417,181535065,885997211451
66,GEORGE Men's Analog Strap Watch,862610980,881708165037
67,GEORGE Men's Digital Watch,654077667,881708164177
68,SKMEI Mens Military Waterproof Dual Display Watch with Gift Box,420994269,704831934458
69,Carriage Women's Carolyn Watc,17206375,753048276257
70,Timex Men's Expedition Scout 43 Tan/Natural Leather Strap Watch,54022633,753048654956
71,Bulova Men's Black Leather Strap Watch,391616445,042429444614
72,Timex Men's Southview 41mm Tan/Blue Leather Strap Watch,56273191,753048751068
73,Women's New England Silver-Tone Dial Watc,55531984,753048699490
74,Armitron Men's Casual Black Analog Digital Watch,521570430,086702615735
75,Timex Women's Ironman Transit 33mm Blue/Rose Gold-Tone Watc,678860209,194366035810
76,Casio Men's Sports Digital World Time Oversized Watch AE3000W-1AV,207370370,889232142098
77,Timex Men's Expedition Katmai Combo 40mm Khaki/Black Nylon Strap Watch,824531961,753048872640
78,Timex Women's Modern Easy Reader 32mm Watch – Gold-Tone Case White Dial with Expansion Band,592703970,194366108569
79,Casio Men's Heavy Duty Digital Sport Watc,876781301,889232251196
80,Bulova Precisionist Special Grammy Edition Men's Watch 98B319,151539959,042429560932
81,Timex Men's Classics 43mm Brown/Silver Leather Strap Watch,409873420,753048796854
82,Men Women Fashion Simple Ultra-Thin Watch Minimalist Casual Leather Band Wrist Watch,434151716,791330398171
83,Armitron Unisex Sport Watch with Black Round Dial and Orange Velcro Strap,254322774,086702673957
84,Timex Basics Leather Mens Watch TW2R85500,932397798,753048803613
85,Women's Ironman Classic 30 Mid-Size Watc,42121735,753048575831
86,Armitron Men's Black Analog-Digital Watch with Grey Accents,851918901,086702664542
87,Men's Round Sport Watc,51838645,086702565115
88,Casio Frogman GWF-1000-1CR MB6 ISO-Certified Wristwatch,52109006,079767055622
89,GEORGE Men's Analog Expansion Band Watch,697509299,881708165341
90,Armitron Men's Round Silver/Navy Dress Bracelet Watch,881778971,086702596409
91,GEORGE Men's Analog Strap Watch,795267389,881708164795
92,Bulova Men's Precisionist Rubber Strap Watch 98B152,43813301,042429486447
93,Men's Edifice Chronograph Steel Sport Watch EF539D-2AV,188508962,079767946289
94,Bulova Marine Star Silver Mother of Pearl Diamond Dial Ladies Watch 98P172,953815326,042429551442
95,Simple Slim Watch Analog Quartz Waterproof Stainless Steel Mesh Strap Band Thin Casual Elegant Wrist Watches for Women (Gold),819313994,791317176525
96,Officially Licensed Kids LCD Wrist Watch Digital Style Adjustable Strap (Many Characters),259028491,305064890414
97,Carriage Women's Catherine Watc,17206372,753048993604
98,Timex Men's Modern Easy Reader 40mm Watch – Two-Tone Case White Dial with Expansion Band,936367218,194366108552
99,Marvel The Amazing Spiderman Kids LCD Watch With Clock Gift Set,604886054,049353819877
100,Men's HQ DGTL Sporty Combo Black/Negative Watc,953620987,753048830886
101,G-Shock Black Dial Resin Mens Watch GA110RG-1A,198726010,641378569715
102,Men's Digital Sport Watch,15075151,079767443382
103,Casio Men's G-Steel by G-Shock Quartz Solar Bluetooth Connected Watch with Resin Stra,313083082,889232222998
104,Timex Women's Metropolitan 34mm Gold Stainless Steel Mesh Bracelet Watch,56053176,753048727636
105,Burberry Unisex Classic Checked Analog Quartz 38mm Watch BU9014,133165147,822138033114
106,Bulova Men's Black Stainless Steel GRAMMY® Edition Precisionist Watch,944377800,042429548114
107,Lady Student Fashion Exquisite Wristwatch Women Elegant Water-Resistant Watch,757858980,791310066182
108,Casio Men's Analog-Digital World Time Watc,123725197,889232174587
109,Men's Rugged Chronograph Watc,43357686,079767055851
110,Armitron Men's 2pc. Silver-Tone Stainless Steel Watch and Bracelet Set,265354054,086702639014
111,Timex Mens T2H451 Easy Reader Silver-Tone Expansion Band Watch Two-Tone,162670536,704166817136
112,Women's Ironman TW5K89300 Grey Rubber Quartz Sport Watch,42121758,753048575787
113,GEORGE Men's Analog Strap Watch,558780436,881708165334
114,Watch Woman Sports Ladies Black Digital Alarm Chronograph T5K242 Resin Band,45976337,753048531158
115,Timex Women's Cavatina Red Leather Strap Silver-Tone Case Dress Watch TW2P60500,42121724,753048575459
116,Bright Stars Ladies Heart-shape Watch with Calendar Star Dial Mesh Band Watches Golden,959771265,791314083857
117,Frozen Girls LCD Animation Watch - FNFKD16036AN-4,480154359,049353275710
118,Men's T2N694 Fairlawn Avenue Black Watc,16912461,753048382545
119,DM100 4G Smart Watch Sports WiFi BT Smartwatch 2.86 Inch Touch Screen Android 7.1 3GB/32GB Music Player Phone Call 5MP Camera IP67 Waterproof Support Nano SIM Card Heart Rate Pedometer,592319280,791345664759
120,Shinola The Canfield Quartz Movement White Dial Ladies Watches S0120161958,125709487,887365660724
121,Bulova 96D145 Men's Futuro Black Dial Silver Steel Diamond Watch,847768484,042429567207
122,Serpentine Belt with Diamond Stylish Ladies Watch Flowing Diamonds Watches for Women,687991602,791345214770
123,TIMEX IRONMAN Transit Watch with Activity Tracking & Heart Rate 33mm – White with Resin Strap,318586039,194366100884
124,Talking Atomic Watch - Womens and Kids - Leather Band,150225806,612757040712
125,Timex Men's Easy Reader Bold 38mm Watch – Silver-Tone Case White Dial with Black Leather Strap,432410210,194366099928
126,Bulova Women's Frank Lloyd Wright Stainless Steel Case and Brown Leather Strap Silver Dial Silver Watch - 96L211,136475348,042429528093
127,Women Fashion Brilliant Starry Night Dial Watch Lady Exquisite Heart-Shaped Calendar Quartz Wrist Watch,249370192,791314083949
128,Casio Men's World Time Sport Watch,516783342,889232251103
129,Armitron Men's Round Dress Gold/Black Bracelet Strap Watch,389552286,086702583065
130,Casio Fishing Timer and Moon Graph Analog-Digital Watc,853380686,889232252605
131,Men's Multi-Function Sports Watch,20452185,079767668624
132,Armitron Men's 2 pc. Gold-Tone Stainless Steel Watch and Black IP plated Stainless Steel Bracelet Set,258098773,086702639021
133,Men's Data Bank DBC611G-1 Digital Stainless-Steel Quartz Fashion Watch,37879152,0497185094650
134,Luminous Magnet Quartz Women Watch Wristwatch with Numbers Starry Dial for Women,609363674,791326076892
135,Casio Men's Dive Style Bracelet Watc,205573633,889232251547
136,Stylish Women Quartz Watches PU Leather Casual Wristwatch for Ladies Lady Watches Elegance Wristwatches,418541696,791316748587
137,Bulova Men's Surveyor Leather Chronograph Watch,772116607,042429559769
138,Bulova Factory Refurbished Men's Two-Tone Stainless Steel Bracelet Watch,624301008,942429535681
139,Men's Core MW600F-2AV Black Resin Quartz Watch,20689638,079767474812
140,Bulova Men's Frank Lloyd Wright Black Leather Strap Watch,634374058,042429565180
141,Men's World Time Watc,46716581,079767027063
142,SKMEI 1409 Women Quartz Watch Simple Wristwatch Fashion Casual Female Watches 3ATM Waterproof Alloy Strap Ladies Timer,545855049,791345205044
143,Classic Analog Water Resistant Watch w/ Resin Band - MQ24 - 10 Styles,31960065,079767572464
144,Bulova Precisionist Chronograph Quartz Blue Dial Men's Watch 97B186,811341342,042429570115
145,Men's Marathon T5K802 Black Rubber Analog Quartz Fashion Watch,51944104,753048539031
146,Armitron Men's Gold-Tone Analog Watch,480503073,086702664610
147,Armitron Men's Black Analog-Digital Watch,856348432,086702639359
148,Animal Dial Palte Cute Cat Design Wrist Watch Fashionable Quartz Movement Adjustable Pin Buckle Band for Girl Kids Chidren Present Gift Mint Green,850977243,791345235157
149,Timex Men's Expedition Camper Acadia Watch - Black,320291097,753048684069
150,Timex Allied Grey Dial Silicone Strap Men's Watch TW2R67300,958415617,753048791910
151,Armitron Men's Two-Tone and Black Calendar Dress Watch,974771463,086702643707
152,Casio Pro Trek PRTB70 Fishing Timer Watch with Quad Sensor and Smart Phone Lin,631191370,889232280257
153,Women's Timex Porter Street Black Leather Band Watch T29291 T292919J,992063798,753048609680
154,Casio A168WG9-A Casio Gold Digital Watch - Gold / One Size,204280355,802935753323
155,Mens Easy Reader Expansion Brass Case Stainless Steel Bracelet White Dial Gold Watch - T20471,165000327,853585299082
156,Timex Unisex Weekender 38mm Blue/Gray Nylon Slip-Thru Watch,21926228,753048381166
157,Men's South Street Watc,20893645,753048424276
158,Mens 10 Year Metal Digital Watch,148836176,079767956929
159,Timex Q Falcon Eye Reissue 38mm Stainless Steel Bracelet Watch,749902774,753048898152
160,Men's T49961 Expedition Scout Watch with Nylon Band,146367974,012301728224
161,Boys Time Machines Blue/Green/White Stripe Watc,55532015,753048670598
162,Men's Black Ana-Digi Sport Watch,576427447,889232138459
163,Timex Men's Ironman Classic TW5M24300 Grey Rubber Quartz Sport Watch,915889916,753048856633
164,Timex Men's Weekender T2N893 White Calf Skin Quartz Fashion Watch,20893630,753048426324
165,Bulova Diamond Black Dial Stainless Steel Ladies Watch 96P148,47670446,042429516649
166,Casio Men's Digital Quartz 10-Year Battery 200m Black Resin Watch DW291H-9AV,304114973,889232251257
167,Timex Green Indiglo Digital Watch,10727960,753048170388
168,Watch Mens Sport W/Velcro Str,859898742,086702112852
169,Timex Women's Easy Reader Pop Silver Tone Brass/White Leather Watch TW2T28400,914384132,753048838028
170,Bulova Men's Aerojet Black IP Watch with Camo Strap,221676746,042429567405
171,Armitron Men's Silver-Tone Stainless Steel Watch,359329989,086702638987
172,Men's Showcase Dress Watc,46059526,086702546756
173,Kate Spade New York Women's Holland 1YRU0860 Rose Gold Stainless-Steel Quartz Fashion Watch,50962746,796483208995
174,Easy Reader White Dial Black Leather Analog Quartz Mens Watch T2H281,135101061,753048292745
175,Timex Men's Marathon TW5K94800 Black Rubber Analog Quartz Sport Watch,459205780,753048593866
176,Timex MK1 Chrono Nylon Indiglo Mens Watch TW2T10700VQ,537371259,753048803262
177,George Men's Two-Tone Bracelet Watch,987876696,086702650194
178,The Waterbury TW2P64600 Mens Wristwatch Indiglo Illumination,702354681,753048575930
179,Timex Women's Starstruck 32mm Watch – Rose Gold-Tone Case White Dial with Gray Leather Strap,392860553,194366108651
180,Men's Round Sports Black Resin Watch,959125744,086702601035
181,EXPEDITION VIBE SHOCK CAMO WATCH,39225360,753048541577
182,Timex Women's Metropolitan 34mm Blush/Rose Gold Leather Strap Watch,56273219,753048797905
183,SKMEI Mens Digital Multifunctional Sports Watc,574024845,781360877074
184,Women's Crystal Bloom White/Silver Floral Watc,56273206,753048747542
185,Timex Women's Modern Easy Reader 32mm Watch – Two-Tone Case White Dial with Expansion Band,440905569,194366108583
